Cgen_Item,Bus,Pg0,Qg0,Pmax,Pmin,Qmax,Qmin,Vg,ag,bg,cg,status,shed
1,1,30,10,60,12,19.72104631,-8.549536957,1.06,0,10,0,1,0
2,2,30,10,50,10,16.43420526,-7.124614131,1.045,0,50,0,0,0
3,3,10,15,80,16,26.29472841,-11.39938261,1.045,0,30,0,0,0
4,3,0,0,180,0,54,0,1.06,0,3000,0,1,1
